Sample,1,2,3,4,5,6,7,8,9,10,11,12,13,14,15,16,17,18,19,20,21,22,23,24,25,26,27,28,29,30,31,32,33,34,35,36,37,38,39,40,41,42,43,44,45,46,47,48,49,50,51,52,53,54,55,56,57,58,59,60, 
OTU1,0,0,0.000745823,0.005175038,0.003272592,0.000258048,0.002816901,0.004273504,0.009234404,0.002243775,0.00204878,0.006939961,0.006229257,0.006593407,0.009630819,0.001787433,0.000678571,0,0.00138058,0,0,0.005125577,0.000839997,0.017167382,0,0.002372223,0.002838306,0.00193299,0.001789549,0.00366371,0,0,0.001035197,0,0.001232562,0.002136144,0,0.001872978,0,0.000468302,0,0.005363528,0.002244913,0.001540556,0.046951418,0.001343544,0.015122873,0.023529412,0.047055731,0.116240725,0.004057428,0.004178855,0,0.0048,0.001408914,0.01421508,0.004783259,0.004457263,0.011100833,0.003722854,
OTU2,0,0,0,0,0,0,0,0,0,0,0,0,0,0,0,0,0,0,0,0,0,0,0,0,0,0,0.000111744,0,0,0,0,0,0,0,0,0,0,0,0,0,0,0,0,0,0,0,0,0,0,0,0,0,0,0,0,0,0,0,0,0,
OTU3,0,0,0,0,0,0,0,0,0,0,0,0,0,0,0,0,0.000214286,0,0,0,0,0,0,0,0,0,0,0,0,0,0,0,0,0,0,0,0,0,0,0,0,0,0,0,0,0,0,0,0,0,0,0,0,0,0,0,0,0,0,0,
OTU4,0.008830549,0.064325987,0.02297136,0.117199391,0.128226106,0.002580479,0.104493628,0.082393162,0.061634275,0.005356109,0.006731707,0.118221433,0.000765892,0.117307692,0.059122525,0.084215592,0.060607143,0.025746653,0.390704096,0.080521216,0.126623377,0.059969247,0.065116592,0.079234071,0.010624514,0.048738408,0.051290647,0.020618557,0.011095204,0.057655226,0.00118759,0.001598623,0.010869565,0.011321296,0.016583562,0.119766448,0.001496824,0.066916397,0.006393559,0.049815606,0.007194245,0.0488677,0.023607792,0.028195758,0.042549723,0.019884455,0.212192817,0.110859729,0.184805468,0.016488046,0.123907615,0.072712077,0.003443526,0.12416,0.018785516,0.213720643,0.083408072,0.036182486,0.085568918,0.028955533,
OTU5,0.002625298,0.005638134,0,0.004261796,0.005503905,0.005354493,0.006706908,0.005128205,0,0.000723798,0.005560976,0.002663008,0.003420985,0.006018981,0.003210273,0.00481232,0.005357143,0,0.006902899,0.001002339,0,0,0.002183993,0,0,0.006577529,0.002815957,0.002255155,0.00071582,0.005206325,0.002028799,0,0,0.0075953,0.004257942,0.011036742,0.002427283,0,0,0.000995141,0.001251173,0.000595948,0,0.002077959,0.003749592,0.00241838,0.002835539,0.007239819,0,0.002473207,0.006242197,0.007521939,0,0.004,0.000798384,0.002348578,0,0.006554798,0.008325624,0,
OTU6,0,0,0,0,0,0,0,0,0,0,0,0,0,0.00024975,0,0,0,0,0,0,0,0,0,0,0,0,0,0,0,0,0,0,0,0,0,0,0,0,0,0,0,0,0,0,0,0,0,0,0,0,0,0,0,0,0,0,0,0,0,0,
OTU7,0,0,0,0,0,0,0,0,0,0,0,0,0,0,0,0,0,0,0,0,0,0,0,0,0,0,0,0,0,0,0,0,0,0,0,0,0,0,0,0,0,0,0,0.0000717,0,0,0,0,0,0,0,0,0,0,0,0,0,0,0,0,
OTU8,0.032458234,0.009994874,0.000894988,0.010045662,0.00996653,0.030772208,0.005633803,0.001367521,0,0,0,0.000726275,0,0.001248751,0.002675227,0.018768046,0.043,0,0.00276116,0.002004678,0,0,0.0000672,0,0.013734128,0.002372223,0.000871606,0.009342784,0,0,0.001682419,0,0,0.003582688,0,0.001922529,0.000566366,0,0,0,0,0,0,0,0.001467232,0.001343544,0,0.003846154,0,0.001648805,0,0.006686168,0.003443526,0.00176,0.004320669,0.000494438,0.011061286,0.01914001,0.008325624,0,
OTU9,0.057040573,0.031009739,0.003729117,0.00761035,0.024767572,0.088316883,0.011133467,0.001880342,0.009449157,0.000361899,0.005365854,0.004680439,0.004033699,0.019055944,0.020064205,0.024336587,0.072857143,0,0.003681546,0.015035082,0.008116883,0.021527422,0.000268799,0.016176956,0.082145634,0.016821221,0.016672254,0.103092784,0.001073729,0.004820671,0.001385521,0,0.016563147,0.014617369,0.006386912,0.024352036,0.009425948,0.039843351,0.004262373,0.025405374,0.032217704,0.009684148,0.025563039,0.041953282,0.001467232,0.008464329,0.027882798,0.011764706,0.01340694,0.008656224,0.034644195,0.048056832,0,0.00816,0.001268022,0,0.0122571,0.02857892,0.011563367,0.001034126,
OTU10,0.025536993,0.03280369,0.002684964,0.003652968,0.000966902,0.053351397,0.024010731,0,0.032857296,0.005428489,0.026341463,0.013315042,0.008067399,0.029545455,0.042268593,0.038086072,0.029178571,0,0,0,0,0.003587904,0.000671998,0.005612413,0.008810573,0.077528575,0.006816404,0.034149485,0,0.002313922,0.000296897,0,0,0.004012611,0.000560255,0.005767588,0.005744569,0.004086498,0.002604783,0.014517356,0.003597122,0.003426698,0.002679412,0.004621668,0.001793283,0.00120919,0.021266541,0.013574661,0.008412198,0.005770816,0.005617978,0.040117008,0,0.00256,0.003334429,0,0.009865471,0.010487677,0.006012951,0,
OTU11,0,0,0,0,0,0,0,0,0.001073768,0,0,0,0,0.002347652,0,0.001031211,0.001035714,0,0,0.002672903,0,0,0,0,0,0,0.000290535,0,0,0,0,0,0,0,0,0,0,0,0,0.001639056,0,0,0,0.001218114,0,0,0,0,0.001051525,0,0,0,0,0,0,0,0,0,0,0,
OTU12,0,0,0,0,0,0,0,0,0,0,0,0,0,0,0,0.001993675,0,0,0,0,0,0,0,0,0,0,0,0,0,0,0,0,0,0,0,0,0,0,0,0,0,0,0,0,0,0,0,0,0,0,0,0,0,0,0,0,0,0,0,0,
OTU13,0.044391408,0.031266017,0.011187351,0.0152207,0.006768315,0.090897361,0.031790744,0.001709402,0.017931923,0.006369427,0.026829268,0.006617172,0.007352566,0.023776224,0.052969502,0.054172969,0.070607143,0,0.005522319,0.025726696,0,0.018964634,0.0001344,0.021789369,0.031096139,0.057795989,0.011174433,0.074420103,0,0.007713074,0.005641051,0,0.004140787,0.016193752,0.003361533,0.009256622,0.023059185,0.00459731,0.005919962,0.010009951,0.003597122,0.007747318,0.004996741,0.00655632,0.001304206,0.004971114,0.018431002,0.055882353,0.021293375,0.004122012,0.006554307,0.056414542,0,0.01216,0.009345794,0,0.008370703,0.023859465,0.01480111,0,
OTU14,0,0,0,0,0,0,0,0,0,0,0,0,0,0,0,0,0,0,0,0,0,0,0,0,0,0,0,0,0,0,0,0,0,0,0,0,0,0,0,0,0,0,0.000506916,0,0,0,0,0,0,0,0,0,0,0,0,0,0,0,0,0,
OTU15,0.194272076,0.106099436,0.045047733,0.039878234,0.021420602,0.164570028,0.096981891,0.002051282,0.217652743,0.052113492,0.138146341,0.085781149,0.048761808,0.136063936,0.180042804,0.20479857,0.188857143,0,0.045098942,0.057467424,0.026785714,0.034853921,0.00302399,0.042588313,0.067374968,0.204011214,0.032741088,0.104059278,0.00071582,0.023910528,0.017863328,0.000983768,0.014492754,0.051304099,0.009804471,0.048704073,0.092439015,0.099097565,0.042386929,0.11385588,0.028151392,0.081197855,0.087406764,0.091215248,0.027551353,0.011151417,0.089319471,0.118325792,0.05362776,0.037098104,0.029962547,0.141663184,0,0.0296,0.028882731,0.000618047,0.043348281,0.074462507,0.011100833,0.000827301,
OTU16,0,0,0,0,0,0.003999742,0,0,0,0.000579039,0,0,0,0.000624376,0,0.001443696,0,0,0,0,0,0,0,0,0,0.00129394,0.00020114,0,0,0,0,0,0,0,0,0,0,0.017027073,0,0.001580519,0.001563966,0.005810489,0.002896662,0.004764976,0,0,0,0,0,0,0,0,0,0,0,0,0,0,0,0,
OTU17,0,0,0,0,0,0,0,0,0,0,0,0,0,0,0,0,0,0,0,0,0,0,0,0,0,0,0,0,0,0,0,0,0,0,0,0,0,0,0.001420791,0,0,0,0,0,0,0,0,0,0,0,0,0,0,0,0,0,0,0,0,0,
OTU18,0.125059666,0.184520759,0.006115752,0.081582953,0.024618817,0.148377524,0.065995976,0,0.004080318,0.000651419,0.005170732,0.001533247,0.001633903,0.01033966,0.007490637,0.019868005,0.131321429,0,0.00138058,0.002338791,0,0.02409021,0.000167999,0.009574117,0.03809277,0.018654302,0.011152084,0.075064433,0.001073729,0.001156961,0.000989658,0,0,0.006592147,0.003361533,0.003631444,0.00635139,0.04903797,0.055647644,0.044898437,0.073193619,0.00238379,0.012672894,0.011536257,0.000815129,0.006180304,0.013232514,0.009276018,0.004731861,0.003297609,0.00062422,0.025908901,0.00137741,0,0,0,0.008669656,0.020188778,0.011100833,0,
OTU19,0.038902148,0.040748334,0.0025358,0.010958904,0.005652659,0.04657764,0.01824279,0,0.010200795,0,0.00595122,0.001936733,0.002246617,0.011288711,0.043606207,0.012993263,0.054714286,0,0.006902899,0.002672903,0.00487013,0.001537673,0.000369599,0.019478376,0.072039388,0.012400259,0.008492569,0.173969072,0,0.003085229,0.000742244,0.000491884,0,0.015047291,0.001848843,0.009683851,0.006675027,0.026391963,0.036230168,0.014107592,0.025492649,0.012812872,0.002606995,0.047004872,0.000978155,0.004836759,0.017958412,0.010180995,0.002891693,0.002061006,0.003745318,0.017133305,0.004820937,0.0024,0.003193538,0.000494438,0.018834081,0.022548506,0.027289547,0,
OTU20,0,0.000512558,0,0,0.000223131,0.000451584,0,0,0,0,0,0,0,0,0,0.000962464,0.000285714,0,0,0,0,0,0,0,0,0,0,0,0,0,0.000445346,0,0,0,0,0.001210481,0.000202274,0,0,0,0,0,0,0,0,0,0,0,0,0,0,0,0,0,0,0,0,0,0,0,
OTU21,0,0,0,0,0,0,0,0,0,0,0,0,0,0,0,0,0,0,0,0,0,0,0,0,0,0,0,0,0,0,0,0,0,0,0,0,0,0,0,0,0,0,0,0.000609057,0,0,0,0,0,0,0,0,0,0,0,0,0,0,0,0,
OTU22,0.002386635,0.001793952,0.042511933,0.010350076,0.004462626,0.004064254,0.003755869,0.002051282,0.001718029,0.017226404,0.032097561,0.032036798,0.001072249,0.006493506,0,0.001993675,0.005214286,0.012358393,0.00414174,0.004343468,0.034090909,0.002562788,0.001982394,0.128425223,0.00233221,0.00129394,0.004022796,0.015786082,0.002863278,0,0.040971844,0.635514019,0,0.003725996,0.014454591,0.000356024,0.01820462,0.000681083,0.001420791,0.003512264,0.00093838,0.003426698,0.000941415,0.002221267,0.006194979,0.010882709,0.005671078,0.002262443,0.004206099,0.002473207,0.044007491,0.015043878,0,0.00112,0.018128023,0.00815822,0.006576981,0.003932879,0.007400555,0.002275078,
OTU23,0,0,0,0,0,0,0,0,0,0,0,0,0,0,0,0,0,0,0,0,0,0,0,0,0,0,0,0,0,0,0,0,0,0,0.000560255,0,0,0,0,0,0,0,0,0,0,0,0,0,0,0,0,0,0,0,0,0,0,0,0,0,
OTU24,0,0,0,0,0,0,0,0,0,0,0,0,0,0,0,0,0,0,0,0,0,0,0,0,0,0,0,0,0,0,0,0,0,0,0.000336153,0,0,0,0,0,0,0,0,0,0,0,0,0,0,0,0,0,0,0,0,0,0,0,0,0,
OTU25,0,0,0,0,0,0,0,0,0,0,0,0,0,0,0,0,0,0,0,0,0,0,0,0,0,0,0,0,0,0,0,0,0,0,0,0,0,0,0,0,0,0,0,0,0,0,0,0,0,0,0,0,0,0,0,0,0,0,0,0,
OTU26,0,0,0,0,0,0,0,0,0,0,0,0,0,0,0,0,0,0,0,0,0,0,0,0,0,0,0,0,0,0,0,0,0,0,0.000392179,0,0,0,0,0,0,0,0,0,0,0,0,0,0,0,0,0,0,0,0,0,0,0,0,0,
OTU27,0.038663484,0.033316248,0.054594272,0.064535769,0.131052436,0.180956067,0.220657277,0.215726496,0.002254912,0.003763752,0.000390244,0.002259522,0.001787082,0.004545455,0,0.024336587,0.008392857,0.006179197,0.017947538,0.009689275,0.01461039,0.012301384,0.036959882,0.043578739,0.07903602,0.045503558,0.007039893,0.078286082,0.061202577,0.148669495,0.00034638,0,0.020186335,0,0.001736792,0.012888066,0.000728185,0.136046314,0.004262373,0.101036118,0.026587426,0.093414779,0.123977116,0.013650043,0.001467232,0.002149671,0.047731569,0.004298643,0.027076761,0.036685903,0.013420724,0,0.006198347,0.05152,0.028882731,0.263411619,0.022720478,0.021499738,0.174838113,0.04860393,
OTU28,0,0,0,0,0,0,0,0,0,0,0,0,0.000204238,0,0,0,0,0,0,0,0,0,0,0,0,0,0,0,0,0,0,0,0,0,0,0,0,0,0,0,0,0,0,0,0.000489077,0,0,0,0,0,0,0,0,0,0,0,0,0,0,0,
OTU29,0,0,0,0,0.000818148,0.000451584,0.00147552,0.001196581,0,0,0,0,0.000816952,0.0004995,0,0.000687474,0,0,0,0,0,0,0.000604798,0,0.000777403,0.000754798,0,0,0,0,0,0,0,0,0.000672307,0.000498433,0.000323638,0,0,0,0,0,0,0.000394096,0,0,0,0,0.001577287,0,0,0,0,0.00112,0,0.000618047,0,0,0,0,
OTU30,0,0,0.000447494,0,0.000446263,0,0,0,0,0.000506659,0.000585366,0.000322789,0.001378606,0.001023976,0,0.000893716,0.0000714,0,0,0,0,0.001025115,0.000436799,0.001320568,0,0.000970455,0.000916303,0,0.001431639,0,0.000940175,0.003074274,0,0.00057323,0.000784358,0.000284819,0.001780007,0,0,0.000117075,0,0,0,0,0,0,0,0,0,0,0,0.001671542,0,0.00096,0.000657493,0,0,0,0,0.000827301,
OTU31,0,0,0,0,0,0.000129024,0,0,0.000644261,0,0,0.001129761,0.000612714,0.001348651,0,0,0,0,0,0,0,0,0,0,0,0,0,0,0,0,0,0,0,0,0.000392179,0,0,0.000510812,0,0.00076099,0.00046919,0,0.001303498,0.000286615,0,0,0,0.000904977,0,0,0,0,0,0,0,0,0,0,0,0,
OTU32,0.000477327,0.000768836,0,0,0,0.000193536,0,0,0,0,0,0,0.000204238,0,0,0,0.000107143,0,0,0,0,0,0,0,0,0,0.000156442,0,0,0,0,0,0,0,0.000168077,0,0,0,0,0,0,0,0,0.000250788,0,0,0,0,0,0,0,0,0,0,0,0,0,0,0,0,
OTU33,0,0,0,0,0,0,0,0.001367521,0.000966391,0,0,0,0.000510595,0,0,0.002956139,0.001607143,0,0.018867925,0,0,0,0.00315839,0.005282271,0,0.002480052,0.008984244,0,0.004652827,0.009448515,0,0,0,0,0,0.004557106,0,0.003916227,0.001420791,0.000878066,0,0,0.001737997,0.000250788,0.001793283,0,0,0.01040724,0,0.020197857,0,0,0,0.00528,0,0.007292954,0.003587444,0,0.008325624,0.003516029,
OTU34,0,0,0,0,0,0,0,0,0,0,0,0,0,0.0000749,0,0,0,0,0,0,0,0,0,0,0,0,0,0,0,0,0,0,0,0,0,0,0,0,0,0,0,0,0,0,0,0,0,0,0,0,0,0,0,0,0,0,0,0,0,0,
OTU35,0.002625298,0.002306509,0,0,0.006470807,0.019482614,0.002414487,0,0.00032213,0,0,0,0,0.001323676,0.001070091,0.000137495,0.008678571,0,0,0,0,0,0.000335999,0,0.006219228,0.001401768,0.002301933,0.018041237,0.002505369,0.000964134,0,0,0.007763975,0.002436228,0.002633201,0.002919396,0.000323638,0.002554061,0.001183992,0.003453726,0.003127932,0.000744934,0.011441813,0.006807108,0.000652103,0,0,0.00361991,0.002103049,0,0,0.00459674,0.004132231,0.00128,0.000328747,0,0.005082212,0.012847404,0,0,
OTU36,0,0,0,0,0,0,0,0,0,0,0,0,0.000357416,0,0,0,0,0,0,0,0,0,0,0,0,0,0,0,0,0,0,0,0,0,0,0,0,0,0,0,0,0.000446961,0,0,0,0,0,0,0,0,0,0,0,0,0,0,0,0,0,0,
OTU37,0,0,0,0,0,0,0,0,0,0,0,0,0,0,0,0,0,0,0,0,0,0,0,0,0,0,0.000223489,0,0,0,0,0,0,0,0,0,0,0,0,0,0,0,0,0,0,0,0,0,0,0,0,0,0,0,0,0,0,0,0,0,
OTU38,0,0,0,0,0,0.000387072,0,0,0.00032213,0,0,0.000726275,0.000663773,0.000524476,0,0,0.000142857,0,0,0,0,0.002050231,0,0,0,0,0.000357582,0,0,0,0,0,0,0,0.000280128,0,0,0.002554061,0,0.001346368,0,0.001638856,0,0,0,0,0,0.00158371,0.001051525,0.00370981,0,0.000835771,0,0.00096,0,0,0,0,0,0,
OTU39,0,0,0,0,0.000223131,0,0,0,0,0,0.000585366,0.000564881,0,0.000174825,0,0,0,0,0,0,0,0,0.000268799,0,0,0,0.000156442,0,0,0,0,0,0,0,0.000224102,0,0.000404547,0,0,0,0,0,0,0,0.000489077,0,0,0,0,0,0,0,0,0,0,0,0,0,0,0,
OTU40,0,0,0,0,0.001041279,0,0,0,0,0,0.000390244,0,0,0,0,0.000206242,0,0,0,0,0,0,0,0,0,0,0,0,0,0,0,0,0,0.00057323,0.000280128,0,0,0,0,0,0,0,0,0,0,0,0,0,0,0,0,0,0,0,0,0,0,0,0,0,
OTU41,0,0,0.000894988,0.000608828,0.001041279,0.001677311,0,0,0,0,0,0,0.002706153,0.0004995,0,0.001168706,0.001464286,0,0,0,0,0,0.000403199,0,0,0.000970455,0.002100793,0,0,0.001735442,0,0,0,0,0.000728332,0.000712048,0.000525911,0,0,0,0,0,0,0,0,0,0,0,0,0,0,0,0,0,0.000328747,0,0.001195815,0,0,0.001240951,
OTU42,0.135560859,0.165299846,0.247315036,0.02283105,0.137523243,0.035223534,0.025620389,0.077777778,0.108665307,0.099015634,0.081268293,0.105148483,0.27429155,0.097602398,0.04200107,0.049704386,0.043071429,0.19361483,0.062586286,0.194787838,0.239448052,0.258329062,0.174417042,0.084516342,0.138636953,0.148803105,0.322605878,0.040270619,0.175017895,0.24604705,0.307536246,0.072060994,0.09057971,0.135568931,0.334416494,0.078538878,0.101622234,0.006640558,0.012787118,0.020722356,0.02361589,0.018474374,0.020493881,0.043887934,0.384577763,0.408168749,0.043478261,0.053846154,0.101735016,0.138499588,0.049313358,0.100710405,0.285812672,0.15712,0.230967924,0.063782447,0.24245142,0.110644992,0.095282146,0.083350569,
OTU43,0.005011933,0,0.001342482,0,0,0.002064383,0,0.007008547,0.006442607,0.028517661,0.001756098,0,0.025121266,0.007992008,0.006153023,0,0,0,0,0.004009355,0,0.004613019,0.000302399,0,0,0,0,0,0.003937008,0.001156961,0,0.001721594,0,0,0.005770631,0,0.002184554,0,0,0.002751273,0.001876759,0,0,0.00322442,0.002119335,0,0,0.002036199,0,0,0.001872659,0,0,0.0072,0,0,0,0,0,0,
OTU44,0,0,0,0,0,0,0,0,0,0,0,0,0,0,0,0,0,0,0,0,0,0,0,0,0,0,0.000111744,0,0,0,0,0,0,0,0,0,0,0,0,0,0,0,0,0,0,0,0,0,0,0,0,0,0,0,0.000140891,0,0,0,0,0,
OTU45,0.018377088,0.018708355,0.015811456,0.005783866,0.016660469,0.001354751,0,0,0.001718029,0.001809496,0.001853659,0.002098128,0.002348736,0.002797203,0.002140182,0.004056098,0.005964286,0.056642636,0,0.004343468,0.059253247,0.007175807,0.020227135,0.012545395,0.075408137,0.041945223,0.021589004,0.021907216,0,0.023717702,0.044237716,0.014756517,0,0.019059903,0.010308701,0.026132156,0.006755937,0,0,0.000995141,0,0,0.000724165,0.000358269,0.006031953,0.047292758,0,0.002036199,0.002628812,0.007831822,0.004057428,0,0.05922865,0.00672,0.021086742,0.012360939,0.0245142,0.030414263,0.053191489,0.003309204,
OTU46,0,0,0,0,0,0,0,0,0,0,0,0,0,0,0,0,0,0,0,0,0,0,0,0,0,0,0,0,0,0,0,0,0,0,0,0,0,0,0.006867156,0,0,0,0,0,0,0,0,0,0,0,0,0,0,0,0,0,0,0,0,0,
OTU47,0.054176611,0.01537673,0.088454654,0.136377473,0.040014875,0.002709503,0.025217975,0.031452991,0.062493289,0.0287348,0.041463415,0.044786959,0.036354353,0.003021978,0.073568753,0.061460195,0.02375,0.090628218,0.043258168,0.026060809,0.049512987,0.005638134,0.126805994,0.065037966,0.07385333,0.067177054,0.04492122,0.044136598,0.032211883,0.055148477,0.157850463,0.089891786,0.065217391,0.273144167,0.169533307,0.23853603,0.003236377,0.002724332,0.008524745,0.005619622,0.001720363,0.000893921,0.001158665,0.004979937,0.029507662,0.125621389,0.008506616,0.016289593,0.01787592,0.030502885,0.041822722,0.015461763,0.053719008,0.01712,0.020288358,0.017923362,0.043348281,0.02045097,0.024976873,0.033298862,
OTU48,0,0,0,0,0,0,0,0,0,0.00021714,0,0,0,0.0001998,0,0,0,0,0,0,0,0,0,0,0,0,0,0,0,0,0,0,0,0,0,0,0,0,0,0,0,0,0,0,0,0,0,0,0,0,0,0,0,0,0,0,0,0,0,0,
OTU49,0,0,0.001640811,0,0.007586463,0.002580479,0.001341382,0.004102564,0.001395898,0.003184713,0.002829268,0.002017431,0.000816952,0.005669331,0,0,0,0,0,0,0,0.004613019,0.001444795,0.002971278,0,0,0.006637613,0,0.006800286,0.005784805,0.001336038,0.0038121,0,0.004442534,0.005938708,0.003133011,0.008252761,0,0,0,0,0,0.001303498,0.000609057,0,0.002015316,0,0.001357466,0,0.005770816,0,0,0.008953168,0.00464,0.002911755,0,0.002690583,0,0,0.007032058,
OTU50,0.008114558,0.009482317,0.012082339,0,0.014726664,0.003419134,0.012206573,0.065299145,0.0180393,0.060871453,0.014926829,0.04535184,0.074853204,0.058466533,0.00882825,0.013680737,0.003857143,0.03707518,0.006442706,0.011025727,0,0.016914403,0.017270345,0.034004622,0.025654315,0.011968945,0.013923343,0.010309278,0.023264137,0.042036251,0.024840418,0.009345794,0.020186335,0.002006306,0.032270715,0.017445172,0.015939156,0.005618934,0.00781435,0.010127027,0,0.010876043,0.008979651,0.010748065,0.025432018,0.009539164,0.007561437,0.015384615,0.011303891,0.028854081,0.032459426,0.033012954,0.028236915,0.02576,0.009956324,0.009023486,0.012855007,0.041164132,0.049491212,0.030610134,
OTU51,0,0,0,0,0,0,0,0,0,0,0,0,0.000663773,0.000374625,0,0,0,0,0,0,0,0,0.001007997,0,0,0,0.000156442,0,0,0,0,0,0,0,0,0.000498433,0.000525911,0,0,0,0,0,0,0.000537403,0,0,0,0,0,0,0,0,0,0,0,0,0,0,0,0,
OTU52,0.006205251,0,0.033412888,0,0.017850502,0.00425779,0.00295104,0.037094017,0.004617202,0.042414592,0.031804878,0.064961265,0.004084759,0.026648352,0,0.00240616,0.002535714,0.019567456,0,0.017039759,0.019480519,0.043567401,0.024326322,0.000990426,0.020730759,0.021889152,0.040227958,0,0.009305655,0.006748939,0.009352269,0.011067388,0.014492754,0.01103468,0.043699927,0.005411564,0.041385169,0.046143368,0.017759886,0.058069426,0.01016578,0.046036949,0.098341661,0.135318143,0.014672318,0.043799543,0.005198488,0.005429864,0.016035752,0.018961253,0.020911361,0.010447137,0.023415978,0.0024,0.036115155,0.002595797,0.007174888,0.01494494,0.00693802,0.019441572,
OTU53,0.006921241,0.00435674,0.002684964,0.001826484,0.003049461,0.002193407,0.002146211,0.005470085,0.007516375,0.03857846,0.008780488,0.015493867,0.029818739,0.011938062,0,0.003368624,0.002464286,0.005149331,0,0.004677581,0,0,0.008299173,0.006602839,0.017362011,0.007655812,0.00965471,0,0.001789549,0.006170459,0.008412094,0.004058042,0.011387164,0.005732302,0.028853157,0.006266021,0.011610502,0,0,0.00333665,0.003597122,0.002234803,0.003186328,0.002113786,0.030811868,0.011957544,0,0,0.002365931,0.01772465,0,0.006686168,0.008264463,0.00624,0.008312591,0.006427689,0.005381166,0.00681699,0.00693802,0.01778697,
OTU54,0,0,0,0,0,0,0,0,0,0,0,0,0,0,0,0,0,0,0,0,0,0,0,0,0,0,0.000134093,0,0,0,0,0,0,0,0,0,0,0,0,0,0,0,0,0,0,0,0,0,0,0,0,0,0,0,0,0,0,0,0,0,
OTU55,0.036038186,0.003075346,0.013126492,0.005783866,0.008478988,0.004386814,0,0.001025641,0.006549984,0.010856977,0.021853659,0.008634603,0.01684963,0.006443556,0.004280364,0.011618314,0.007142857,0,0.006442706,0.002338791,0.034090909,0,0.044553457,0.020468802,0.032650946,0.016174251,0.025634149,0.017396907,0.004652827,0.02256074,0.014300559,0.015248401,0.00931677,0.020063055,0.009412292,0.021859869,0.022856912,0,0.011839924,0.000292689,0.003440726,0,0,0.003833477,0.014672318,0.009270455,0,0.03438914,0.002365931,0.013190437,0.004057428,0.01671542,0.008953168,0.00832,0.014183065,0.009641533,0.029297459,0.015993707,0.035152636,0.005377456,
OTU56,0,0,0,0,0,0.000387072,0,0,0.001073768,0,0,0,0,0.00034965,0,0,0,0,0,0,0,0,0.0001008,0,0,0.00064697,0.000737513,0,0,0,0.000692761,0,0,0,0.000280128,0,0.000242728,0,0,0,0,0.000297974,0,0,0,0,0,0,0,0,0,0,0.003443526,0,0.000610529,0,0,0.001048768,0,0,
OTU57,0,0,0,0,0,0,0,0,0,0,0,0,0,0,0,0,0,0,0,0,0,0,0,0,0,0,0.000178791,0,0,0,0,0,0,0,0,0,0,0,0,0.00052684,0,0.001489869,0.000796582,0.000501576,0,0,0,0,0,0,0,0,0,0,0,0,0,0,0,0,
OTU58,0,0,0,0,0,0,0,0,0,0,0,0,0,0,0,0,0,0,0,0,0,0,0,0,0,0,0,0,0,0,0,0,0,0,0,0,0,0,0.000947194,0,0,0,0,0,0,0,0,0,0,0,0,0,0,0,0,0,0,0,0,0,
OTU59,0,0,0,0,0,0,0,0,0,0,0,0,0,0,0,0,0,0,0,0,0,0,0,0,0,0,0,0,0,0,0,0,0,0,0,0,0,0,0,0,0,0,0,0,0.001467232,0,0,0,0,0,0,0,0,0,0,0,0,0,0,0,
OTU60,0.050835322,0.026652998,0.030578759,0.004870624,0.006545184,0.006257661,0.006975184,0.026324786,0.058735101,0.007527504,0,0.003712072,0.002501915,0.029595405,0.009630819,0.027361474,0.010214286,0.012358393,0.008743672,0.009021049,0.021103896,0.014864172,0.003393589,0.002641136,0.009847111,0.015203796,0.001899654,0.006443299,0,0.002313922,0.019644713,0.00885391,0.032608696,0.026081972,0.019048686,0.03140131,0.00566366,0,0,0.001990283,0.001876759,0,0.002534579,0.00057323,0.004727747,0.010345291,0,0,0,0,0.003433208,0.007939824,0.013085399,0,0.003052646,0.002224969,0.009865471,0.018091243,0.00693802,0.009513961,
OTU61,0.021718377,0.009226038,0.030727924,0.002435312,0.016957977,0.001419263,0.007377599,0.008547009,0.007838505,0.033005211,0.011317073,0.024047773,0.046259893,0.018131868,0,0.009693386,0.0035,0.009268795,0,0,0.006493506,0.019477191,0.02802231,0.012545395,0.017621145,0.017468191,0.023600402,0.003543814,0.017537581,0.027767065,0.046266515,0.013280866,0.004140787,0.034823732,0.025995854,0.018798063,0.030705126,0.022305466,0.034809377,0.019551601,0.072568033,0.011174017,0.028170034,0.018809114,0.016465602,0.035738278,0.005198488,0.022624434,0.007886435,0.01772465,0.010611735,0.089845382,0.006198347,0.04192,0.028131311,0.008899876,0.004783259,0.017304667,0.012950971,0.015511892,
OTU62,0,0,0,0,0,0,0,0,0,0,0,0,0.000306357,0.0002997,0,0,0.000178571,0,0,0,0,0,0,0,0,0,0.000446977,0,0,0,0.000148449,0,0,0.00057323,0,0,0,0,0,0,0,0,0,0,0,0,0,0,0,0,0,0,0.00137741,0.00032,0.000281783,0,0,0,0,0.001034126,
OTU63,0,0,0,0,0.000595017,0,0,0,0,0,0,0,0,0.0001998,0,0,0,0,0,0,0,0,0.000436799,0,0,0,0.000804559,0,0,0,0.000296897,0,0,0,0.000112051,0,0.000121364,0,0,0,0,0,0,0,0,0,0.00094518,0,0,0,0,0,0,0,0,0,0,0,0,0,
OTU64,0,0.013839057,0.006264916,0.027701674,0.057493492,0.000258048,0.017974514,0.098290598,0.001718029,0.001158078,0.009756098,0,0.000153178,0.00034965,0.018191546,0.003299876,0.003964286,0.004119464,0.023930051,0.003007016,0,0,0.029399906,0.059425553,0.009328842,0.006361872,0.096927031,0.004510309,0.026485326,0.040107983,0.000494829,0,0.01242236,0.024935512,0.01333408,0.060737682,0.000283183,0.006129746,0.001657589,0.001170755,0,0.00670441,0.002751829,0.006878762,0.003423541,0.001612253,0,0.02918552,0.007360673,0.036685903,0.028401998,0.009193481,0,0.08176,0.001643733,0.096168109,0.02690583,0.047194546,0.039777983,0.020062048,
OTU65,0.001670644,0,0,0,0.008627743,0.006386685,0.002682763,0.002393162,0.000966391,0.00021714,0.004,0.001049064,0.000408476,0.004245754,0,0.001512443,0.001178571,0,0,0,0,0.001025115,0.000302399,0,0,0,0.004626215,0,0.004652827,0,0.002820526,0,0,0.00057323,0.000448204,0.000569638,0.002508192,0,0,0.002634198,0.005473882,0.003724672,0.006517489,0.011787045,0,0.00120919,0,0.002262443,0,0,0,0,0.01446281,0,0.003381393,0.000865266,0,0,0,0,
OTU66,0,0,0.000298329,0,0.008478988,0.001483775,0,0,0.000429507,0.000868558,0,0,0.000765892,0.001723277,0,0.001031211,0.000285714,0,0,0,0,0,0.001847994,0.002971278,0,0.001186112,0.003508772,0.001610825,0,0.000385654,0.000841209,0,0,0.00057323,0,0.000925662,0.003479105,0,0,0,0.000625586,0.000446961,0,0.00114646,0,0.00120919,0,0,0,0,0,0,0,0.00176,0.001314986,0,0,0.00131096,0.001850139,0.001240951,
OTU67,0,0,0,0,0,0,0,0,0,0,0,0,0,0,0,0,0,0,0,0,0,0,0,0,0,0,0,0,0,0,0,0,0,0,0.001232562,0,0,0,0.00307838,0.000643915,0.00046919,0,0.001593164,0.001110633,0,0,0,0,0,0,0,0,0.004132231,0,0,0,0,0,0,0,
OTU68,0,0,0,0,0,0,0,0,0.000536884,0,0,0.000403486,0,0.0000999,0,0,0,0,0,0,0,0,0,0,0,0,0.0000894,0,0,0,0,0,0,0,0,0,0,0,0,0,0,0,0,0,0,0,0,0,0,0,0,0,0,0,0,0,0,0,0,0,
OTU69,0,0,0,0,0,0,0,0,0,0,0,0,0,0,0,0,0,0,0,0,0,0,0,0,0,0,0,0,0,0,0,0,0,0.002149613,0,0,0.000323638,0.000510812,0.005919962,0,0,0,0,0,0,0,0,0,0,0,0,0,0,0,0,0,0,0,0,0,
OTU70,0,0,0.000447494,0.00152207,0.003123838,0,0,0,0,0,0,0,0,0,0,0.000343737,0,0,0,0,0,0,0.000369599,0,0,0,0.001251536,0,0,0,0,0,0,0,0,0,0.000202274,0,0,0.000117075,0.000312793,0,0.000289666,0,0,0.000537418,0,0,0,0,0,0,0.002066116,0,0.001314986,0,0,0,0,0,
OTU71,0,0,0.001342482,0,0.000818148,0,0,0,0,0,0.000195122,0,0,0.000324675,0,0,0.000285714,0,0,0,0,0,0.000335999,0,0,0,0.00176556,0,0,0,0.000940175,0,0,0,0,0,0,0,0,0,0,0,0,0,0,0,0,0,0,0,0,0,0,0,0,0,0,0,0,0,
OTU72,0,0,0,0,0.001338788,0.003741694,0,0,0,0,0,0,0.000663773,0.000324675,0,0,0,0,0,0,0,0,0,0,0,0,0.002592468,0,0,0,0,0,0,0,0.000560255,0,0.003074558,0,0,0,0,0.001489869,0,0,0,0,0,0,0,0,0,0,0,0,0,0,0,0,0,0,
OTU73,0,0,0,0,0.000966902,0.000903168,0,0,0,0,0,0,0,0,0,0,0,0,0,0,0,0,0.000537598,0,0,0,0.00118449,0,0,0,0,0,0,0,0,0.000356024,0.000485457,0,0,0,0,0,0,0,0,0,0,0,0,0,0.00093633,0,0,0,0,0,0,0.000786576,0,0,
OTU74,0,0,0,0,0.011602826,0.001548287,0,0,0.00032213,0,0,0,0,0.00014985,0,0.000687474,0.00025,0,0,0,0,0,0.001041597,0,0.00233221,0,0.002771259,0,0.002863278,0,0,0,0,0,0.001400639,0.000356024,0.000283183,0,0,0,0.000625586,0,0,0,0,0,0,0,0,0,0,0,0.002066116,0,0.000704457,0.001112485,0.002989537,0.002621919,0,0,
OTU75,0.001670644,0.002306509,0.000596659,0.005479452,0.003123838,0.007741436,0.001073105,0,0,0,0.002146341,0,0,0.000574426,0,0.001306201,0.001285714,0.009268795,0,0,0.002435065,0,0.000201599,0,0,0.004636619,0.00511789,0.001610825,0.005726557,0.001349788,0,0,0,0.001576383,0.00252115,0,0.001173187,0.001191895,0,0.001580519,0,0.001042908,0.003620827,0.00114646,0,0,0,0,0,0,0,0,0.011707989,0,0.004884234,0.001112485,0,0,0,0,
OTU76,0,0,0,0,0,0,0,0,0,0,0,0,0,0,0,0,0,0,0,0,0,0,0,0,0,0,0,0,0,0,0,0,0,0,0,0,0,0,0,0,0,0,0,0.000286615,0,0,0,0,0,0,0,0,0,0,0,0,0,0,0,0,
OTU77,0,0,0,0,0.001115656,0.000580608,0,0,0,0,0,0.000887669,0.000357416,0.00044955,0,0,0,0,0,0,0,0,0,0,0,0,0.000134093,0,0,0,0,0,0,0,0.000392179,0,0.000485457,0,0,0,0,0,0.000144833,0,0,0,0,0,0,0,0,0,0,0,0,0,0,0,0,0,
OTU78,0.001670644,0,0,0,0.016065452,0.002580479,0.001341382,0,0.001503275,0.001085698,0,0.000564881,0.002450855,0.002022977,0,0.001512443,0.001142857,0,0,0,0,0,0.002284793,0,0,0.001725253,0.005833054,0,0.005010737,0.004242191,0.000989658,0.00122971,0,0.003725996,0.001960894,0,0.00068773,0,0,0.002224434,0.003909916,0,0.003186328,0.002794497,0.001956309,0.004433696,0,0.004072398,0,0,0,0,0,0,0.003616212,0.002224969,0,0.004457263,0,0.005791107,
OTU79,0,0,0,0,0,0.000903168,0.00147552,0,0.000966391,0,0,0,0.000306357,0,0,0,0,0,0,0,0,0,0,0,0,0,0,0,0,0,0,0,0,0,0.000336153,0,0,0,0,0,0,0,0.000796582,0.000322442,0,0,0,0,0,0,0,0,0,0,0,0,0,0,0,0,
OTU80,0,0,0,0,0.001264411,0.001290239,0,0,0.001610652,0.001664737,0.001560976,0.001775339,0.001174368,0.001173826,0.00294275,0.002612402,0.000857143,0.006179197,0,0,0,0,0.000503998,0,0.003368748,0.002911365,0.001877305,0,0.004652827,0.000964134,0.00034638,0,0,0,0.004313967,0,0.001092277,0,0,0,0,0.00193683,0.001231081,0,0,0,0,0.002488688,0,0.004946414,0,0,0,0.00192,0.002113371,0,0,0.001573152,0,0.003929679,
OTU81,0,0,0,0,0,0,0,0,0,0,0,0,0,0,0,0,0,0,0,0,0,0,0,0,0,0,0,0,0,0,0,0,0,0,0,0,0,0,0,0,0,0,0,0,0,0,0,0,0,0,0,0,0,0,0,0,0,0,0,0,
OTU82,0.000954654,0,0,0,0.003644478,0.001290239,0,0,0,0,0,0,0.000459535,0.000999001,0,0.000824969,0.000285714,0,0,0,0,0,0.000235199,0,0.001554807,0.003450507,0.006011845,0.00128866,0.002505369,0,0,0,0,0.001433075,0.001792818,0,0.000404547,0,0,0,0,0,0,0.000501576,0,0.001074835,0,0.003167421,0,0.002061006,0,0,0.006198347,0,0.002207298,0,0,0.003146303,0.001850139,0.002068252,
OTU83,0.000954654,0.001025115,0,0,0.002751952,0.001225727,0,0,0.002147536,0.0000724,0.000682927,0.000484183,0.001378606,0.001998002,0,0.00453733,0.008642857,0,0,0,0,0,0.000369599,0,0.000777403,0.00194091,0.000491675,0.000966495,0,0,0,0,0,0.002292921,0.000392179,0,0.001132732,0.001872978,0,0.000351226,0,0.001191895,0.000868998,0.000537403,0,0,0,0.002714932,0.000788644,0,0,0.003760969,0,0.0008,0,0,0.000597907,0,0,0,
OTU84,0.001193317,0.001281394,0.000298329,0,0.002380067,0.000580608,0.002280349,0.000512821,0.000644261,0.000506659,0,0,0.000459535,0.003796204,0,0.001237454,0.001,0,0.002300966,0,0,0,0.001579195,0,0,0,0.00078221,0.000966495,0,0,0.000148449,0,0,0,0.000840383,0.001993734,0.000242728,0,0,0.001580519,0.00046919,0.00193683,0.001593164,0.003045285,0.002282361,0,0,0.004072398,0.001577287,0.006183017,0.00062422,0.001253656,0,0,0,0.000618047,0,0,0,0.001034126,
OTU85,0,0,0,0,0,0.003225598,0.003085178,0.017264957,0.024804037,0.011001737,0.005658537,0.015009684,0.018432474,0.018856144,0.00882825,0,0,0,0,0,0,0.005125577,0,0,0,0,0,0,0,0,0,0,0,0,0.001904869,0,0.000364092,0.043078495,0.000947194,0.0159808,0.009227401,0.01772944,0.032949526,0.007344511,0,0,0.014650284,0.006334842,0.095688749,0.012366035,0.0221598,0.002089427,0,0.00272,0,0.000494438,0,0,0,0.003102378,
OTU86,0,0,0,0,0,0,0,0,0,0,0,0,0,0,0,0,0,0,0,0,0,0,0,0,0,0,0,0,0,0,0,0,0,0.00057323,0,0,0,0,0,0,0,0,0,0,0,0,0,0,0,0,0,0,0,0,0,0,0,0,0,0,
OTU87,0,0,0,0,0.000297508,0,0,0,0,0,0,0.003954164,0,0.00034965,0,0,0,0,0,0,0,0.002562788,0,0,0,0,0.000156442,0,0,0,0,0,0,0,0,0,0,0.010556785,0,0.002868349,0.002502346,0,0,0.001325595,0,0,0,0,0,0,0,0,0,0,0.000140891,0,0,0,0,0,
OTU88,0,0.001281394,0,0,0.002826329,0.003677182,0.00147552,0.001709402,0.000751637,0,0.002439024,0.001291156,0.001225428,0.004070929,0,0.001099959,0.001571429,0,0,0,0,0,0.001612795,0,0.001295672,0.00452879,0.007710359,0,0.006800286,0,0.002375179,0,0,0,0.000896409,0.001281686,0.000970913,0.011408139,0,0.004800094,0.003284329,0.00864124,0.00586574,0.014509888,0,0.002552734,0,0,0,0,0,0,0,0,0.004555488,0,0.004783259,0.005768222,0,0,
OTU89,0,0,0,0,0,0,0,0,0,0,0,0,0,0,0,0,0,0,0,0,0,0,0,0,0,0,0,0,0,0,0,0,0,0,0,0,0,0,0,0.000468302,0,0,0,0,0,0,0,0,0,0,0,0,0,0,0,0,0,0,0,0,
OTU90,0.001431981,0.04177345,0.012678998,0.060578387,0.042171811,0,0.06639839,0.065299145,0.062171159,0.010856977,0.017658537,0.069641704,0.002399796,0.042532468,0.047351525,0.025299051,0.016178571,0,0.098481362,0.029401938,0.031655844,0.017939518,0.068006182,0.025090789,0.015288935,0.006038387,0.002391329,0,0.007874016,0.071731585,0,0,0,0.032100889,0.011653314,0.072201652,0,0.054827175,0.00307838,0.026810279,0.015170472,0.049165673,0.026069954,0.067103755,0.032931203,0.022302835,0.053402647,0.081221719,0.091745531,0,0.131086142,0.055160886,0.004132231,0.21648,0.013807355,0.096044499,0.025710015,0.038280021,0.041628122,0.028955533,
OTU91,0,0,0,0,0.003049461,0.001419263,0.001073105,0,0,0,0,0.000968367,0,0.00014985,0.012306046,0.001374948,0.000892857,0,0.011965025,0,0,0,0.004132787,0.001320568,0,0,0,0.00193299,0,0.000964134,0,0,0,0,0.000840383,0.001922529,0,0,0,0,0,0.001489869,0,0.000788191,0.00114118,0,0,0.002488688,0,0,0,0,0,0.00288,0,0.000618047,0.001494768,0.003408495,0,0,
OTU92,0.00548926,0.02844695,0.034457041,0.058751903,0.045221272,0.00032256,0.029107981,0.038461538,0.10855793,0.022510133,0.022926829,0.096755972,0.00102119,0.161663337,0.052166934,0.117214354,0.04975,0.022657055,0.145421077,0.279652523,0.036525974,0.178882624,0.057086217,0.035655332,0.010883649,0.019948242,0.002726562,0.003221649,0.011095204,0.064982646,0.000445346,0.002705362,0.007763975,0.055030095,0.026668161,0.08437767,0.000525911,0.117657075,0.029363012,0.088391969,0.023459493,0.036501788,0.021290463,0.05818286,0.015976524,0.015853822,0.368620038,0.166742081,0.154574132,0.019785655,0.144194757,0.086920184,0,0.09312,0.030949138,0.066007417,0.052316891,0.026481384,0.050878816,0.030196484,
OTU93,0,0,0,0,0,0,0,0,0,0,0,0,0,0,0,0,0,0,0,0,0,0,0,0,0,0,0,0,0,0,0,0,0,0,0,0,0,0,0.001420791,0,0,0,0,0,0,0,0,0,0,0,0,0,0,0,0,0,0,0,0,0,
OTU94,0,0,0,0,0,0,0,0,0,0,0,0,0,0.0000999,0,0,0,0,0,0,0,0,0.000302399,0,0,0,0,0,0,0,0,0,0,0,0,0,0,0,0,0.000175613,0,0,0,0.000214961,0,0,0,0,0,0,0,0,0,0,0,0,0,0,0,0,
OTU95,0,0,0,0,0,0,0,0,0,0,0,0,0,0,0,0,0,0,0,0,0,0,0,0,0,0,0,0,0,0,0,0,0,0,0,0,0,0,0,0,0,0,0,0.000107481,0,0,0,0,0,0,0,0,0,0,0,0,0,0,0,0,
OTU96,0,0,0,0,0.00052064,0.000451584,0,0,0,0,0,0,0,0.000274725,0,0.000206242,0.000428571,0,0,0,0,0,0.000839997,0,0,0,0.000648117,0.000966495,0,0,0,0.001844565,0,0,0.000336153,0.001424096,0.000202274,0,0,0,0,0,0,0.000358269,0.000489077,0.000537418,0,0.000904977,0,0.001236603,0,0,0,0.00048,0.000234819,0.000988875,0.001793722,0.002884111,0.002775208,0,
OTU97,0,0,0,0,0,0,0,0,0,0,0,0,0,0,0,0,0,0,0,0,0,0,0,0,0,0,0,0,0,0,0,0,0,0,0,0,0,0,0,0,0,0,0,0.000680711,0,0,0,0,0,0,0,0,0,0,0,0,0,0.001835343,0,0,
OTU98,0,0,0,0,0,0,0,0,0,0.002099016,0,0,0.000204238,0,0,0,0,0,0,0,0,0,0,0,0,0,0,0,0,0,0,0,0,0,0,0,0.003762288,0,0,0,0,0,0,0,0,0,0,0,0,0,0,0,0,0,0,0,0,0,0,0,
OTU99,0,0,0,0,0.000148754,0,0,0,0,0,0,0,0,0,0,0,0.000142857,0,0,0,0,0,0,0,0,0,0.000268186,0,0,0,0.000742244,0,0,0,0,0,0.000728185,0,0,0,0,0,0,0,0,0.000403063,0,0,0,0,0,0,0,0,0.000140891,0,0,0,0,0,
OTU100,0,0,0.007905728,0.003348554,0.001041279,0.000193536,0.002548625,0.025470085,0.002577043,0.022437753,0.001853659,0,0,0.001798202,0.00294275,0.001443696,0.002428571,0.008238929,0.00414174,0,0.003246753,0.013326499,0.003964787,0,0.000777403,0.007547984,0.005251983,0,0.013958482,0,0.000593795,0.002828333,0.005175983,0,0.007283321,0.002349758,0.010154132,0.00476758,0.003315179,0.00386349,0.00140757,0.000595948,0.005213991,0.002651189,0.007336159,0.000671772,0.001417769,0.009502262,0.001577287,0.012778236,0.003745318,0.007104053,0.002066116,0.00272,0.001643733,0.002348578,0.002989537,0.002884111,0.005550416,0.003929679,
OTU101,0.046300716,0.068426448,0.249552506,0.281582953,0.106582373,0.048125927,0.163380282,0.127692308,0.110705465,0.474811812,0.348487805,0.206826985,0.358590758,0.087762238,0.011771001,0.121407947,0.046785714,0.458290422,0.052922227,0.208152355,0.260551948,0.144028703,0.233552853,0.239352922,0.07903602,0.080116455,0.138384177,0.05992268,0.524695777,0.083879676,0.277351675,0.023733399,0.651656315,0.186156492,0.146562833,0.039518656,0.529188074,0.017708156,0.127160786,0.086635837,0.172349077,0.258045292,0.230357014,0.028303239,0.257906749,0.151820502,0.019376181,0.066289593,0.086225026,0.32852432,0.167602996,0.101128291,0.384986226,0.04496,0.424693561,0.056242274,0.201793722,0.246198217,0.14199815,0.572699069,
OTU102,0,0,0,0,0.000446263,0,0,0,0,0,0,0,0,0,0,0,0,0,0,0,0,0,0,0,0,0,0.0000894,0,0,0,0,0.000491884,0,0,0,0,0,0,0,0,0,0,0,0,0,0,0,0,0,0,0,0,0,0,0,0,0,0,0,0,
OTU103,0,0,0,0,0,0,0,0,0,0,0,0,0,0,0,0,0.000142857,0,0,0,0,0,0,0,0,0,0,0,0,0,0,0,0,0,0,0,0,0,0,0,0,0,0,0,0,0,0,0,0,0,0,0,0,0,0,0,0,0,0,0,
OTU104,0,0,0,0,0,0,0,0,0,0,0,0,0,0,0,0,0,0,0,0,0,0,0.0001344,0,0,0,0.000558722,0,0,0,0,0.001598623,0,0,0,0,0,0,0,0,0,0,0,0.000143308,0,0,0,0,0,0,0,0,0,0,0,0,0,0,0,0,
OTU105,0.003579952,0.005381855,0.003430788,0.004870624,0.019338044,0.00296755,0.00952381,0.012649573,0.000536884,0,0.002926829,0.001533247,0.001787082,0.007867133,0.004012841,0.008043448,0.02225,0.006179197,0.017027151,0.003007016,0.00487013,0,0.021470331,0.003631562,0.004405286,0.008302782,0.016381719,0.044458763,0.020042949,0.015618974,0.000791726,0.05533694,0,0.014187446,0.009020113,0.016163486,0.010235042,0.002554061,0,0.001580519,0.001563966,0.005512515,0.000724165,0.00161221,0.003097489,0.010614,0,0.043891403,0.007360673,0.024732069,0.003745318,0.006686168,0.019283747,0.00496,0.003287465,0.016069221,0.013452915,0.013109596,0.036077706,0.008893485,
OTU106,0,0,0,0,0,0,0,0,0,0,0,0.000806972,0,0,0,0,0,0,0,0,0,0.002562788,0,0,0,0,0,0,0,0,0,0,0,0,0,0,0,0,0,0.000819528,0.00093838,0.000595948,0.000434499,0,0,0,0,0,0.002103049,0,0,0.003343084,0,0,0,0,0,0,0,0,
OTU107,0,0,0,0,0.000223131,0,0,0,0,0,0,0,0,0,0,0,0,0,0,0,0,0,0,0,0,0,0,0,0,0,0,0,0,0,0,0,0,0,0,0,0,0,0,0,0,0,0,0,0,0,0,0,0,0,0,0,0,0,0,0,
OTU108,0,0,0,0,0,0,0,0,0,0,0,0,0.000153178,0,0,0,0,0,0,0,0,0.002562788,0,0,0,0,0,0,0,0,0,0,0,0.000859845,0.000448204,0,0.000728185,0,0,0,0,0,0.00021725,0,0,0,0,0,0,0,0.001872659,0,0,0,0,0,0,0,0,0,
OTU109,0.018854415,0.036647873,0.008204057,0.003348554,0.006470807,0,0.003353454,0.003076923,0.019435198,0.000651419,0.103219512,0.002340219,0.000510595,0.001148851,0.270733012,0.01945552,0.049964286,0,0.003681546,0,0,0.069195284,0.000571198,0,0.008033169,0.000431313,0.000290535,0.007731959,0,0,0.000395863,0,0,0,0,0,0.002022736,0.185254555,0.559554819,0.239068079,0.414607444,0.228098927,0.17727569,0.293637145,0,0.000806127,0,0.0260181,0.001051525,0,0,0,0,0.00192,0.000422674,0,0.001494768,0,0,0,
